D1,D2,D3,D4,D5,D6,D7,D8,D9,D10,D11,E1,E2,E3,E4,E5,E6,E7,E8,E9,E10,E11,E12,M1,M2,M3,M4,M5,M6,G1,G2,G3,G4,G5,G6,G7,G8,G9,R1,R2,R3,R4,R5,R6,R7,R8,T1,T2
123.5539458,23.1309761,21.52728943,1.587301587,33.33333333,93.75,15.34576484,28.96747104,0.529758529,49.45293739,1.026319256,1.753714515,10.58214109,0.007637348,4.573741172,0.544685037,17.18053787,0.396922589,0.002215728,0.04787776,0.757603061,0.022647549,1.4845483,196110006.8,221.6447565,1944.422572,11496139.31,44.07940786,1051.065797,8597.702257,1.642726768,-18.40011664,0.077884866,2374820.791,1128989.884,22971.66221,5791.728378,5.46875,0.064397,58706,0.11212,0.027082,902000,16626,8022,1705.7,0.000156593,0.009699652
145.2367631,13.00322571,12.66583929,0,8,46.875,8.997164975,15.31219629,0.587581612,54.00004566,0.943594862,748.4360714,549.2528329,4.329934231,54.27712116,291.15139,1359.997938,0.300603378,1.34E-03,0.131158858,0.576920246,0.023725123,0.936970406,17613214.65,65.36137825,314.7468459,99462277.18,152.2926467,2709.29,505.3975957,-0.400410843,-11.15532663,0.092732482,43051.51401,28931.13375,730.8609848,370.4423108,1.7890625,1.1813,7868.1,1.0615,0.029589,65946,2128.6,5576.1,1080.8,0.003657674,0.046435045
153.774422,107.8425878,157.3384172,10.38961039,16.88311688,31.25,111.9942822,104.8901088,1.06772968,50.23977239,0.64378833,55.2805228,47.69183524,0.379037941,18.81180104,22.68510029,122.8308095,0.170362206,0.002109615,0.008495143,0.706178181,0.01217584,1.379524879,143237941.4,168.3915676,8948.15744,64617170.7,112.3234985,4211.916739,14448.52776,3.258769597,-2.299103033,0.006512113,5151995.623,2628101.352,67866.4905,22837.36902,12.828125,0.7961,46210,2.1584,0.033253,2000000,73719,9428.4,2416.6,0.002652426,0.077575395
121.0880928,30.86772665,40.09493666,6.666666667,48.33333333,93.75,28.59227061,33.21658538,0.860782958,51.09926752,0.637446495,2106.813053,1716.96201,10.70070824,86.65913954,802.3620674,3926.039945,0.199855262,0.002416002,0.040132915,0.433462962,0.011956684,0.716638716,2231788335,760.1564242,3357.96423,30933597.33,74.32158297,2532.586139,9418.010399,0.5984809,-14.4306881,0.03933316,1583427.767,847955.3071,17484.38069,780.004186,2.109375,0.05878,115000,0.049904,0.031538,54028,51872,14593,2806.3,0.010324486,-0.276815773
136.6699967,76.9823965,98.14754137,37.14285714,62.85714286,109.375,69.70629959,60.60826341,1.150112141,54.29397219,0.494378936,196.7048031,170.2527424,1.536684164,61.52317747,90.70619452,431.6281282,0.34459972,0.001784659,0.065525658,0.619930688,0.009343555,1.146926759,2033354388,726.4161464,1839.433244,150885482.2,184.1085954,5398.525313,44970.51063,4.144389128,-60.32373091,0.075540505,40772476.27,21301996.38,461405.5496,36124.15638,11.34375,-0.25466,17007,0.47112,0.030911,1040000,8931.6,7155.5,1232.6,0.009031255,-0.151387445
142.8035014,146.426176,178.3277878,9.589041096,19.17808219,70.3125,126.9815417,165.0760985,0.76923033,52.38340142,0.836010489,58.44777411,77.50064433,0.351926434,28.50156708,23.24374058,165.8791913,0.340535331,0.002301698,0.02254014,0.706593483,0.020975811,1.431275639,340990973.6,286.9165027,6480.340756,4962216.465,31.15880486,321.4564635,-14336.4383,2.178032634,-57.0704015,0.072414691,4355245.305,2248010.042,62705.11793,13272.11682,10.7265625,-0.83082,10995,0.49099,0.037061,1310000,21236,8017.5,1574.9,0.001900984,-0.008811023
153.3669836,18.64556253,9.453724523,0,3.846153846,39.0625,6.71223539,25.29545528,0.265353413,54.63951852,1.529520743,20.54176172,48.72788252,0.103276,64.76624349,6.847952327,135.2754645,0.398616143,0.001691213,0.093962864,0.780399062,0.045794907,1.859007987,62205384.66,122.9532071,1082.109596,15255479.68,55.73530554,866.5825555,-4750.827696,-0.729835171,-24.15045821,0.042979943,491569.581,300623.9968,5892.353582,1186.391077,0.3828125,-0.70621,140000,0.087444,0.034059,2250000,70125,14411,2991.8,0.100431834,0.590185765
127.3936544,120.890634,157.4462872,47.69230769,78.46153846,117.1875,112.2113057,130.4322561,0.860303342,49.07992227,0.162952815,58.51321398,55.31557577,0.358245019,9.713678287,22.83747338,124.3942334,0.298160156,0.002132394,0.039790418,0.638402552,0.03476388,1.071629658,4582013.473,27.39751526,442.7241256,109144851.6,164.5505667,1346.600094,7337.354061,0.11539481,-23.34868875,0.051575931,1769479.514,659739.4118,13160.16709,45.75384395,3.359375,0.41473,25646,2.1078,0.030674,1620000,47792,12091,2258.7,0.025366205,0.120538882
103.9205192,310.7757357,452.0223626,76,76,62.5,322.8460975,299.8544755,1.076675934,48.16867478,0.630174256,383.1061098,321.7407405,2.445220786,202.4096985,168.4768061,913.9536057,0.397651477,0.001970833,0.119936312,0.662901587,0.036964,1.265251269,47535751.67,96.51390684,3064.965952,160146353.2,195.8378543,3353.187543,-9779.52332,3.285358051,-38.38855127,0.056525137,2023069.137,1054526.177,39315.5634,23504.97459,7.2265625,-0.28556,7484.8,0.22301,0.03781,73448,947.63,4170.5,708.02,0.00050194,-0.036649828
133.7681728,17.61684145,14.32117581,0,15.94202899,78.125,10.16901044,21.25122603,0.47851406,55.25621116,0.9967075,111.9284622,165.5491475,0.730909399,84.63760253,39.54312874,364.876742,0.221051453,0.001049497,0.017042558,0.605028351,0.020953817,1.405539732,4316810111,1016.211135,91508.05902,11236314.29,45.48377771,857.5728037,38380.98807,4.125881142,-20.76407052,0.046366241,36345126.04,22282711.9,446420.6078,36635.14525,9.6171875,-0.031234,31466,1.1349,0.03158,1580000,15777,3754.1,569.77,1.95E-03,-0.066293917
141.8906591,75.44773758,115.3343425,2.777777778,37.5,109.375,82.13369842,69.22030133,1.186555055,50.31270288,0.071788662,3044.443826,4728.439869,14.12050176,906.2208682,1016.213738,8735.127967,0.34720763,0,0.296602889,0.506448898,0.219674856,1.037537985,12684964.09,46.16973378,1172.036967,7313725.402,41.15491256,210.9440955,5265.722108,0.714842877,-7.206097799,0.029695233,582471.1296,337316.0097,7132.293068,1196.207859,3.6484375,0.74216,19691,0.40341,0.037035,403000,10300,7326.2,1291.9,8.35E-05,0.023065801
149.448422,77.26089769,107.0112892,9.210526316,19.73684211,39.0625,76.16352785,77.36722517,0.984441767,52.98631416,0.519299906,131.0203466,109.9807076,1.204951436,136.7642545,60.45316694,380.7367746,0.335061201,0.001370975,0.119547324,0.722623086,0.081367063,1.615911588,114004866.6,168.8456922,1180.2069,2202067.054,19.0255752,211.5375382,13313.52166,4.181629663,-20.30790331,0.070330815,6005625.864,2180498.313,77441.62279,37367.85395,11.546875,-0.44294,9184.4,0.68864,0.031104,628000,5550.4,5249.5,959.62,0.001754618,-0.008489103
127.0101895,66.09616154,96.36422084,4.6875,40.625,54.6875,68.6868829,64.27922778,1.068570443,49.62186124,0.162301357,169.1497329,150.850462,0.751373476,77.0914865,61.8695691,399.3298238,0.397068212,0.001155011,0.156842876,0.788325777,0.024030061,1.574221263,518229323.9,350.8948106,11831.4661,429804842.7,323.184144,7482.302009,12826.45678,2.66706484,-15.74886307,0.026829904,5789502.811,2508260.183,59882.68014,15558.23797,6.546875,-0.48571,10625,0.22473,0.031056,422000,59683,4907.2,893.42,0.00062599,0.010846711
100.2656236,41.97220619,43.69416079,11.76470588,37.25490196,171.875,31.20512563,50.56259342,0.617158328,48.71589522,0.767161945,641.3803601,526.6506766,4.306440475,148.7343498,251.8518568,1324.855223,0.276163913,0.001473277,0.044452394,0.709321526,0.013974624,1.288008051,99600965.92,149.4704162,3597.283023,44468796.47,103.2144903,927.4262613,-3296.066731,1.087425843,-18.99641867,0.056264652,218629.647,155070.9049,4529.028569,2495.944606,10.6875,-0.42047,1600.2,0.79696,0.027654,1190000,727.16,2816.6,526.62,0.018262254,0.199630998
141.9649667,194.1504667,256.0375862,25.35211268,32.3943662,78.125,182.3530518,207.7753186,0.877645396,50.643831,0.805146693,106.3148619,110.2997289,0.677396048,84.79880445,46.32786558,303.2950943,0.306638989,0.001066004,0.02750796,0.661774801,0.018224026,1.446486531,133822326.9,163.8584233,8002.065289,28246692,78.37043896,1214.299895,-804.6394091,-0.938898545,-25.64902152,0.142745507,1312050.248,234186.7892,8005.062911,1962.523712,10.46875,-0.38205,6196.7,1.6586,0.029412,70699,2509.3,7095.2,1427.1,0.007057969,0.07622633
139.4488848,29.00107856,14.63852699,0,15.71428571,39.0625,10.4248847,39.93922684,0.261018691,51.32625196,1.513755142,106.3977055,80.77320402,0.516991029,26.18337575,42.25393426,214.4679054,0.273936865,0.001677437,0.038932432,0.714405765,0.010151971,1.407267928,30111144.05,83.68400065,838.6501969,46324072.51,106.7641907,665.1413377,34885.99426,1.444862026,-44.27441904,0.108101068,21899533.77,21430236.87,324348.1625,4758.08734,7.953125,-2.9632,63355,0.73331,0.047146,17400000,193000,16888,3290.4,0.001746124,0.043330298
94.31075944,661.6686814,896.385668,31.91489362,65.95744681,54.6875,640.8439441,694.5122367,0.922725202,46.44020497,0.93233683,339.8843353,322.7330428,1.862438798,24.99996292,129.8574829,691.5923828,0.33411227,0.001060306,0.007564725,0.685052238,0.012746255,0.910087611,881244284.3,443.2706409,33010.43441,3418760.806,22.68343307,375.862038,-1497.032972,0.248121283,-28.78534726,0.132586611,660478.8365,164318.1041,158.9943384,102.3109043,10.515625,-3.0584,53002,3.4605,0.036726,2940000,48397,16386,3890.5,0.03244326,-0.362553762
117.6265772,115.5928908,193.4203901,58.33333333,70,203.125,137.9396401,89.67330469,1.538246423,49.62350946,0.543963064,28.35830948,54.66731212,0.163629921,62.62538712,12.36482943,146.9472214,0.329691066,0.002249209,0.033443206,0.749098783,0.024068751,1.840264651,33000637.62,77.10445526,2649.509003,38285143.19,85.02710967,2741.193845,4172.027828,0.618939768,-3.263337377,0.061474342,422266.1703,239947.7639,5337.563235,795.6684188,6.25,-0.060017,70513,0.58423,0.032761,11100000,47100,11386,2112.7,0.002299459,-0.063986159
126.8937383,34.29507053,37.92282781,4.615384615,18.46153846,140.625,27.01346639,39.72259347,0.680052938,53.41979219,0.808915243,146.0634982,96.45134969,0.854716584,53.76640881,59.12303901,297.9807489,0.432164284,0.000222535,0.238466598,0.715749922,0.076046816,1.140679286,16679187.46,53.6853279,1461.804647,300971028.6,275.021375,2741.82935,25037.52343,2.3658667,-40.3017346,0.069028393,10672152.61,11049592.92,202804.4956,12220.07468,9.3984375,0.10528,14023,0.29527,0.038991,56370,24141,6827.9,1328.4,0.000606444,-0.047480914
130.9688388,47.92571933,78.21959417,25.75757576,33.33333333,179.6875,55.74002045,39.33466073,1.417071341,49.68690168,0.46734756,34.51300491,79.19278283,0.260152284,51.10737102,12.9766766,166.0383419,0.309167423,0.001873053,0.050995227,0.668683606,0.029060961,1.60807086,2323612154,581.3410584,267219.494,62332460.36,108.6021349,4439.143864,-2586.980351,0.769938147,-6.893104897,0.063558218,226425.145,52718.786,1986.010423,1277.981991,6.09375,-0.74928,37426,0.11677,0.036912,192000,88725,11521,1983.1,0.000425523,-0.045438778
147.4805437,89.14969568,122.0497093,5.405405405,31.08108108,85.9375,86.80730205,83.139691,1.04411384,57.38861278,0.470064088,175.2962338,209.4098409,1.106219043,65.67449274,68.27503771,453.444437,0.306245945,0.001960741,0.072224955,0.637267195,0.037228896,1.408849483,55968575.68,111.1576034,2219.715178,296518703,267.9259861,5435.493739,8898.810928,1.761469132,-36.84719997,0.09898411,4191823.56,1739186.186,30620.12613,7940.542024,7,-0.81803,9720.6,2.6624,0.040642,31184,1492.6,5929.9,1128,0.23940127,0.524296356
133.9614388,131.906897,187.1988981,58.20895522,74.62686567,132.8125,133.3710446,113.5961445,1.174080733,50.46404145,0.509118949,2526.049557,2888.445806,17.07040731,1737.357667,950.0698774,7209.745214,0.187249284,0.003116822,0.051701895,0.505207735,0.016289636,1.538696898,92645386.21,150.8494283,1371.209727,80720822.87,138.5602257,1822.586095,7924.751676,1.288819941,-5.228529682,0.009637927,1551604.884,879696.8106,19363.06973,3674.621911,5.8828125,-0.96553,2743.3,1.809,0.03163,570000,3108.1,7317.6,1214.4,0.000189977,-0.016647604
139.0286651,247.1422021,313.1886652,26.47058824,33.82352941,46.875,223.1291706,272.0073109,0.820305785,50.05008436,0.635344319,2.303595258,8.830108974,0.008627641,5.552704127,0.759765165,16.86064527,0.338886304,0.002300652,0.055082499,0.788937388,0.018983362,1.65550764,450209245.7,309.3274405,21564.14127,42450847.16,103.9133252,256.9958764,-128.3693347,-0.013260265,-111.0550581,0.498306851,917.9137886,116.2026524,6.440245514,0.25664711,15.0390625,0.19605,7276.8,1.3724,0.038431,1820000,10183,8698.9,1541.6,5.55E-04,-0.040234479
86.3751305,273.7248735,375.8230713,90.24390244,95.12195122,54.6875,269.0853858,279.5035979,0.962726018,49.08629059,0.755354826,1296.055123,1164.324354,8.280487187,61.94953869,492.8016113,2536.334715,0.307772349,0.000624926,0.101862324,0.587671453,0.075601118,0.64502946,14965545.95,50.70639519,1326.484516,18991005.31,65.00897136,719.5953375,19.34963059,0.044632309,-21.04032916,0.491013285,3215.091015,925.9638054,71.25328463,5.32570221,15.2578125,0.018315,105.54,0.38404,0.020465,68.08,10.544,277.16,36.727,4034.354842,45.37499366
85.82515755,235.3704128,352.6142381,88.0952381,90.47619048,265.625,252.3907671,215.9780504,1.168594524,48.98559812,0.745189876,602.8313993,840.6640077,3.5239759,293.155053,213.9630277,1750.666382,0.283226965,0.002006213,0.03834346,0.622893872,0.02436718,1.404112688,42700893.95,97.2385512,1665.122251,2112136.535,18.22199985,218.0510615,-107.083933,-0.007928482,-17.34747185,0.500911696,3458.649802,1257.024628,27.36081427,81.10823889,14.953125,-0.0027758,67.241,0.56413,0.020365,312.36,0.65785,138.03,19.688,0.245826764,-0.250650579
73.35242329,402.5347988,631.5185928,82.35294118,94.11764706,656.25,453.4736177,357.1977363,1.269531052,49.27467837,0.387021788,136.7891168,77.99535155,0.704099465,17.10302119,51.95490382,233.3084388,0.255770589,0.00073427,0.092947335,0.661286538,0.054018523,1.023655007,3616635275,958.4101106,23288.22743,5633568.211,30.41182595,542.3371308,-744.0763432,-0.068963144,-32.58522931,0.499348789,9303.437997,6187.093607,132.4850478,17.35125926,15.0078125,-0.059561,363.67,15.977,0.020006,5287.4,87.637,506.37,114.69,344674.1946,-235.4850676
73.24164721,419.1828235,585.276128,82.85714286,91.42857143,257.8125,419.908556,412.2775337,1.01850943,50.19936143,0.599646173,11.85947081,17.01545171,0.07011497,18.02214623,4.582327043,47.46716536,0.350301277,0.001961361,0.0398274,0.836833176,0.032635688,1.644748374,41756873.03,81.92873554,4162.95208,1450850747,612.0227705,3254.691363,367.0955212,0.020423575,-31.46004101,0.502474603,5924.782537,702.2342196,9.509883271,0.33630722,14.90625,0.09865,243.44,11.312,0.020019,6430.3,18.877,626.62,145.33,252222.8451,-188.4709362
91.2433615,246.6941644,293.6523033,75,90.90909091,195.3125,210.0682743,281.4012892,0.74650786,49.63446481,0.767536579,69.45281666,112.5256618,0.25018802,43.67247337,18.9655418,228.0174468,0.28325579,0.002242763,0.01998146,0.665573389,0.021380425,1.272041942,624750260,386.4069171,13388.56125,24463519.2,70.58396382,1388.973888,593.8774427,0.16652255,-28.17241671,0.500390727,12686.78637,1920.504879,285.9721744,16.47141511,14.9765625,-0.086847,255.4,5.8183,0.020387,303.12,40.347,781.44,162.65,18116.37501,243.2276089
80.72775255,335.9230948,513.5164848,87.17948718,94.87179487,195.3125,367.9636795,302.5110002,1.216364625,52.61915428,0.572595015,65.7037745,63.94545845,0.377753043,12.26224216,26.13395294,142.9684695,0.347631742,0.001985063,0.073391355,0.686526608,0.025165778,1.114946963,516899050.1,356.1299816,7782.590533,80330716.49,141.5583566,880.9185021,17.57497566,0.013447488,-11.21803946,0.507423808,605.1461409,40.70801658,0.18200786,14.88934034,14.7421875,0.060115,64.539,0.30718,0.021215,3114.6,62.817,341.41,65.385,2130.975289,-5.525829944
69.36218211,469.7813767,569.8365616,90.90909091,96.96969697,148.4375,409.3823329,516.9763541,0.791878254,51.45982364,0.709270159,46.4178014,47.14823404,0.249252955,28.77870979,17.72086442,123.5586705,0.200787219,0.002879277,0.019847178,0.670998137,0.00910424,1.379479646,139176351.8,177.2853408,4815.003476,34649468.72,92.58380517,451.6557868,141.0382973,0.069166647,-21.15285749,0.502474603,129.4245141,630.190092,42.73719454,8.674395934,14.9140625,0.048377,114.35,4.2284,0.020105,236.43,30.071,417,90.071,36425.48216,87.01179824
90.79218869,303.1752427,440.7353565,81.39534884,95.34883721,23.4375,315.4150213,297.179419,1.061362265,49.46066142,0.55728113,49.29939778,102.190394,0.276770102,27.12887672,16.85788527,180.5625182,0.341257111,0.002117524,0.058976782,0.750202577,0.020647372,1.36747749,14964203.76,54.57092883,919.1811589,13328723.64,57.01658573,220.1880741,322.5936585,0.089012274,-23.01739819,0.499869758,3704.056757,1689.870811,165.4518231,9.853563578,14.9921875,0.044771,46.121,2.826,0.022133,186.33,15.327,274.75,32.781,14003.02603,92.64315874
80.17203149,306.1064446,437.3765355,89.74358974,94.87179487,601.5625,313.3350832,295.4452161,1.060552232,51.56269302,0.660573333,141.8356362,169.3374494,1.375641806,77.00278893,58.33488278,391.6414431,0.249397508,0.002969847,0.015183007,0.661614838,0.009655142,1.41587685,215932357.6,231.7977963,2502.81821,3972149.025,28.29195415,234.0400869,103.0336312,0.030037064,-15.31524296,0.499348789,1843.176162,757.4334123,12.88931791,35.34836933,15.015625,0.016761,63.654,1.2144,0.020046,358.67,11.073,173.09,23.862,3922.307751,52.81484382
113.7336226,34.15438423,46.75491746,12.06896552,48.27586207,70.3125,33.35230486,35.21989603,0.946973405,49.1233942,0.686123983,1.960974129,9.887277584,0.005180053,4.630072996,0.551949714,16.71086352,0.301164625,0.002026506,0.027234166,0.723375278,0.011767973,1.491017423,91780500.21,144.8290898,2926.46878,21997211.74,71.75444098,579.8917693,23716.56355,3.404213519,-16.35616487,0.042719458,13736480.25,8184075.585,178472.5575,25317.14452,8.6328125,-0.17868,24152,0.37174,0.027856,142000,16135,6445.7,968.29,0.001266312,0.051021792
135.2445772,27.32852228,28.15641755,5.797101449,21.73913043,39.0625,19.9802883,28.77868961,0.694273734,56.48041381,0.825720978,570.1616184,371.0293007,5.742190947,48.23578558,244.9830202,996.8667922,0.277641385,0.001350474,0.020151112,0.564266336,0.009838309,0.933932746,10316393.92,43.1729905,822.8680976,35697809.24,94.57081321,352.7576418,382.3353159,-0.12913788,-10.18093534,0.056785621,5410.735516,349.213712,42.77422045,22.70945055,1.3203125,0.053106,1757.7,0.27463,0.032191,118000,165.24,2577.9,555.5,0.000653354,-0.052078946
150.3934397,106.7177506,156.5766784,10.38961039,12.98701299,46.875,111.45137,103.1726684,1.080241227,50.65132115,0.50272207,70.03917926,65.90020817,0.505629533,19.15985438,30.42612012,156.2147651,0.299805212,0.001647946,0.05792481,0.714394968,0.011233584,1.406872483,561856474.7,372.2227986,7769.001708,95899056.12,154.4622716,1115.409669,16881.44594,1.672122617,-41.63561757,0.06017192,5146544.06,4575697.835,82941.3271,5918.702594,12.71875,-0.70129,10170,0.62186,0.029825,277000,12944,7460,1216.4,0.001396229,-0.085593893
114.2534007,125.0253604,128.2894481,28.81355932,54.23728814,0,91.34546358,140.6475546,0.649463575,45.88283044,1.029616943,1851.249772,1694.908779,9.1717268,68.91782263,599.8385064,3630.390649,0.262196135,0.001656467,0.06496542,0.54150787,0.011751554,0.637320241,1382592538,591.04903,10713.97436,2350457177,763.7264903,28827.57852,1184.9882,-0.092960863,-15.6864506,0.057827559,34829.21838,51830.00787,1072.217771,4.893501057,1.5546875,0.20863,38639,0.45367,0.033007,3100000,23023,10781,1905.3,0.005784621,-0.112663735
140.1151295,103.711576,160.7055521,32.85714286,57.14285714,148.4375,114.4684665,93.40046458,1.22556635,49.76169127,0.489012386,446.813207,338.1575685,2.534825158,34.89784565,177.8838179,823.9803769,0.42167111,0.000401515,0.225588419,0.663899104,0.093936806,0.978514239,2487477326,778.333303,41988.75756,16122089.82,56.31889656,1026.910204,3114.18997,-1.658321277,-90.15403435,0.132065642,6443006.729,12703.18188,23182.69087,5996.675637,7.5234375,-0.14394,13907,0.06042,0.029939,8429.1,24008,4383.9,841.29,0.000554776,-0.007060053
152.5585305,32.66788116,20.66993212,3.846153846,15.38461538,39.0625,14.69395749,43.62320213,0.336838122,54.51403634,1.25747488,73.62410267,94.67984546,0.337695198,70.88075396,26.76719646,240.5620403,0.389697465,0.001660739,0.114388049,0.741799597,0.058514284,1.592817152,414929796.2,318.078701,6882.366686,16037370.71,56.32596234,1004.046059,9510.613862,-1.011335667,-69.62816102,0.13310758,3756214.49,1989902.721,31737.91622,1668.406537,10.40625,-0.82167,18057,0.37134,0.029817,905000,7311.3,6369.7,1216.4,0.005868639,0.109162044
149.702656,26.14724137,13.34489154,0,10.38961039,93.75,9.478580184,35.57248948,0.266458163,54.85619387,1.656434324,29.28618993,71.43512189,0.140776215,118.0050271,10.35008891,220.9051802,0.37852757,0.001468211,0.093784202,0.786928331,0.027480853,1.93159269,47900560.78,86.34258881,5020.369116,142053389.4,188.073383,1621.89515,2282.079145,0.212099803,-19.84720229,0.030997656,121673.5055,88406.86799,1736.680917,127.3412238,1.2421875,-2.6623,165000,0.33306,0.033002,98531,45465,17841,3430.8,0.017959907,0.16672207
134.0107642,68.81761839,104.124632,67.64705882,86.76470588,125,74.18175559,63.82602891,1.162249271,50.2357823,0.464220531,100.516737,102.1191964,0.509027177,11.4748137,36.0160125,215.2155051,0.305456587,0.002725733,0.027313744,0.63283082,0.011521862,0.936669218,58244291.03,117.1828548,1436.336703,6506618.558,37.90914126,257.3959553,21486.39075,4.315880779,-14.10239647,0.027611357,13052135.64,6589002.479,158146.7528,39982.74523,8.0703125,-0.52028,16098,0.28213,0.032155,158000,24661,5509.2,983.41,1.24E-03,0.06110636
140.1567886,144.1794977,216.1229826,38.57142857,40,62.5,153.9415323,135.5408374,1.135757571,49.65455875,0.659215738,451.5875981,401.9754908,2.71063941,59.56111732,180.1378941,918.327962,0.457983543,0.000831792,0.168081113,0.670054767,0.116595124,1.023826085,87425430.67,138.7819038,3507.535848,5807079.43,34.27697524,337.437111,7749.722429,1.666372851,-16.12440221,0.026569419,1560617.372,751516.8788,18988.83772,5822.483056,3.765625,-0.24041,5620,0.48114,0.038679,752000,13811,4309.8,771.8,0.002131942,0.011885512
133.0759271,16.82352852,12.13877254,0,8.823529412,62.5,8.645695612,22.12845256,0.390704935,51.57916737,1.420004379,154.6034773,183.9983215,0.974190148,30.11192015,55.88955161,370.9589411,0.203401222,0.001003528,0.016400542,0.582429763,0.01850971,1.205607961,179238571.5,165.8333715,19180.99928,216675155.6,232.4095396,2412.255841,14151.47413,2.079331944,-28.2879783,0.009377442,4461495.361,2620241.48,56672.62355,9220.365047,6.0078125,-0.26153,4051.9,0.17417,0.032898,53449,9216.7,2928.7,494.48,0.000134161,-0.024468684
149.5288754,17.40483153,15.24122653,1.298701299,12.98701299,70.3125,10.84872287,22.27358877,0.487066677,50.21088963,0.938698393,5313.400014,5807.587164,26.08580787,1085.570523,2064.424586,12317.92784,0.324632841,0.002509924,0.040988275,0.544846732,0.021903812,1.075899727,23893814.99,69.30039177,1420.173191,1671490.996,17.48384738,129.632953,5490.963812,0.955604837,-11.55414839,0.013805679,672015.0033,378839.8263,8403.961811,1916.933915,2.875,-0.1118,17996,0.091485,0.036695,1410000,129000,7029,1273.1,0.00053847,-0.033905319
137.2361135,170.1767168,248.07944,24.63768116,34.7826087,54.6875,176.5938644,148.3695423,1.190229893,47.47382857,0.447424162,80.86879918,78.55593155,0.67923943,33.67163617,37.74266951,194.8565058,0.292519095,0.001581788,0.056106378,0.733506664,0.024507767,1.238347804,245878498.6,249.7911726,1635.655074,14266866.37,52.06849544,1004.463144,31341.4141,5.470613237,-2.777300356,0.001041938,24775599.04,13281452.01,299189.3841,65090.99194,12.3828125,0.13741,11309,1.9427,0.03168,501000,5871.7,6396.8,1262.6,0.014501726,-0.246762711
124.9121335,123.4107292,180.7354841,33.87096774,56.4516129,85.9375,128.8559648,119.4817018,1.078457729,51.16108356,0.138824292,86.74047969,118.4965618,0.724727787,60.63003495,32.94161527,269.0515326,0.354843686,0.002633367,0.028775738,0.760265241,0.023958993,1.470985361,1915176590,702.3314985,5475.795935,269364930.7,261.2344131,1904.194638,14874.40716,1.795818342,-10.79074581,0.020578276,3959473.388,2491412.568,52898.4525,6939.578815,5,-0.12749,7156.6,0.90314,0.032843,686000,21095,7158.5,1041.8,0.004014544,0.011529986
106.3535133,52.37476623,68.33790872,28.30188679,58.49056604,156.25,48.79361644,56.1565735,0.868885215,49.91751658,0.53914963,342.6402356,354.8479001,2.410606922,142.9043425,133.7125071,847.381027,0.276024291,0.001164613,0.036622249,0.673360966,0.010602954,1.395435065,2984281168,842.2474183,67793.4949,556093929.5,376.6757933,2932.237865,-5924.297021,-2.227275249,-50.59892525,0.164886689,2314158.341,815618.6104,16365.60435,10057.96064,9.7734375,-0.10436,810.03,1.5633,0.029621,146000,495.13,2343.7,406.31,0.000243767,-0.029639625
144.546088,208.0311574,291.5950869,19.17808219,19.17808219,39.0625,207.5831954,205.4760017,1.010255181,53.84930038,0.52688485,51.72213495,53.2260768,0.262780775,35.72124846,19.2393029,141.5798625,0.396111558,0.000539703,0.170862236,0.676583739,0.097743755,1.53107993,208592409.1,224.8783524,3751.643494,185089371.9,215.8010417,1630.692324,-1719.828962,-0.272019346,-21.17932376,0.134670487,995223.082,299697.7785,2756.499336,155.9448292,10.7265625,-0.41651,15442,2.7311,0.029094,2410000,18686,9427.5,1444.1,0.023620203,0.075241595
146.0598366,29.44657232,16.52921063,2.666666667,16,39.0625,11.76763885,39.63108454,0.296929518,49.74640758,1.359901339,66.29829528,56.17689522,0.320865572,33.08068271,22.69170709,156.5234792,0.287155835,0.001367472,0.03953314,0.735371663,0.027326972,1.593999569,188268680.9,214.8636248,2862.670548,29334868.05,81.84647149,940.6886296,10620.21814,-2.908375657,-50.00890862,0.175306069,3184356.436,681525.2638,33096.13031,17178.1531,6.828125,-1.6678,47010,1.5631,0.047146,3140000,39820,15146,2953.7,0.001153712,0.008541433
119.9040597,222.7886162,328.2948102,26.66666667,51.66666667,46.875,234.1291609,214.1396122,1.093348206,50.39805505,0.569238339,409.7589928,387.3845431,2.262557401,53.72460899,164.8126363,855.6148619,0.366461313,0.002617441,0.030216429,0.613565759,0.019794219,0.869096668,100875009.1,160.2833383,578.9358616,4632419.728,23.12781413,671.6384233,2489.960071,3.281359133,-12.53334232,0.096118781,1249973.522,135183.5954,20091.58367,29599.52807,11.7890625,-0.73409,78747,0.62093,0.035664,17200000,1291.8,13222,2802.7,0.006016002,-0.019016621
121.3088711,77.89249449,108.5324139,6.451612903,22.58064516,140.625,77.38068098,79.63844751,0.971649792,50.61971589,0.474008278,22.05009169,52.49507459,0.088708496,27.27195017,7.259280309,102.8970952,0.272108879,0.003515987,0.012799509,0.830390103,0.010779505,1.669310488,29118458.14,78.80939015,1372.369218,7423533.528,41.82579158,183.8628962,4869.480646,0.524907241,-4.602898823,0.065642094,357458.3526,302390.2013,5942.725407,590.9868801,5.984375,0.45789,50693,0.55407,0.033227,5590000,47722,8596.7,1692.5,0.028560091,0.334577682
113.6577061,160.8974073,227.8861205,29.31034483,46.55172414,140.625,162.555964,156.9484769,1.035728203,48.60734708,0.854170306,159.7209133,103.3882134,0.91434298,19.30010187,65.86586082,284.0874946,0.401510921,0.00152654,0.148001099,0.71962135,0.024108304,1.158514733,36845752.23,79.03713559,3349.251375,957470093.4,495.7198197,3603.969032,-18757.35484,-11.29786219,-72.16044642,0.228184423,20277704.87,11493897.05,342829.7665,270320.7336,6.6015625,0.41322,59456,0.13841,0.038789,1750000,9819,6484.7,1227.5,0.006637469,-0.117560993
127.1242681,92.93847824,143.9569914,29.6875,32.8125,156.25,102.6103542,83.79129187,1.224594488,50.37038368,0.67031959,96.02366484,112.7711758,0.373092829,23.03105086,34.16315819,233.441968,0.332572776,0.003166438,0.021742245,0.731399853,0.013821026,1.249531373,172043280.6,172.7277938,14971.94587,343668073.6,293.6278185,3280.452692,2234.663433,-0.32757053,-18.12337648,0.130502735,263007.4707,4013.756097,1155.024203,271.6472903,8.6953125,-0.68609,34792,0.50915,0.036433,2830000,161000,10995,1960.9,0.00045488,0.038535096
152.0644361,65.7731845,95.72305277,7.792207792,25.97402597,70.3125,68.13581473,63.84437653,1.067217168,50.87773143,0.582558099,42.33265473,59.62061305,0.205357975,45.31247412,15.84627608,148.95879,0.368114204,0.001989228,0.081050255,0.808440711,0.030438522,1.686391363,56531960.06,108.937468,2855.236215,488224891.2,356.142921,304.1977729,5053.873512,-4.219644946,-96.03143077,0.168793957,2961097.341,4715938.418,83954.97959,39267.94792,8.203125,-0.07519,9967.7,1.5005,0.04027,588000,3910.5,8716.1,1274.7,0.022322726,0.14280509
133.4934267,146.6921785,222.0814316,56.06060606,78.78787879,78.125,158.2440185,135.5611298,1.167325905,51.81209667,0.661950472,3545.416404,3864.620971,14.45238452,1521.210602,1152.345594,8968.358224,0.123624972,0.002398975,0.03333095,0.432134669,0.010688446,1.370088647,35754561.72,93.88460029,496.8950094,366579551.5,296.60842,7488.820241,6491.206854,1.260337014,-6.843485837,0.019536338,1225495.956,562893.7303,13109.46544,3228.17942,5.65625,-0.36713,4413,0.83711,0.034106,577000,3595.2,3911.5,836.45,0.000296395,-0.018358024
151.2001603,199.8064149,240.2143164,14.28571429,16.88311688,23.4375,170.9358179,221.9087892,0.770297646,55.55519274,0.548963338,4.410422292,13.12407753,0.03064671,26.52077896,1.726112869,44.58943816,0.326659024,0.001370056,0.062352111,0.754947059,0.01674757,1.535427829,1821055326,602.2028926,111613.9001,70448167.29,128.4015694,1859.398096,-229.383471,-0.018030378,-101.566649,0.50117218,21074.36805,837.6295733,28.06249664,3.629056677,14.9609375,-0.17069,9087.1,0.97956,0.040207,2720000,4234.6,7914.2,1456.2,6.79E-05,-0.018331114
84.37118028,239.6947752,369.5944117,78.57142857,88.0952381,289.0625,264.4730446,205.3109614,1.288158425,49.08659436,0.629613949,1396.407205,1096.465806,8.147075063,57.52615637,546.3236804,2563.610766,0.294610051,0.002341763,0.068758658,0.661736307,0.040940824,0.677619052,331732428.5,273.3299556,11682.43094,106682018.4,164.0653056,864.5762866,55.45891445,0.014188239,-11.46062757,0.500390727,4652.396713,2273.154211,187.1686782,307.9520946,14.9609375,0.013537,58.282,0.9742,0.024207,542.98,2.3366,268.34,38.852,30938.96932,235.2787924
85.85619385,274.202643,390.9621259,88.0952381,97.61904762,39.0625,279.8583296,270.7880819,1.033495742,52.02836833,0.505486467,837.1329255,807.5382188,4.708387029,361.9623061,365.1978108,2022.746785,0.370845175,0.001262553,0.187001476,0.666938327,0.040747176,1.548680569,116725753.9,151.41431,7472.984553,8044892.404,38.95778006,577.465818,-133.3774961,-0.018632748,-10.84757912,0.499088304,2383.65879,3509.623222,17.525776,63.76306809,14.9765625,-0.025161,30.822,1.1246,0.023548,445.29,0.83468,208.28,28.234,0.208639661,-0.002960685
74.31302842,298.4852652,435.294685,88.88888889,94.44444444,507.8125,312.2870738,289.1426677,1.080044935,51.04766076,0.608991486,94.59908248,58.62233307,0.575656043,7.425846358,44.63637239,161.6002849,0.28902885,0.00145579,0.084520071,0.637669509,0.048821741,0.995368488,506662047.9,350.208085,9299.960695,7630487.511,35.49693237,727.2633064,-292.7566042,-0.019764225,-30.70335942,0.503256056,3031.144373,2782.866047,36.33370859,4.753080185,14.890625,-0.019398,207.32,9.1863,0.020006,373.26,11.793,305.53,57.266,61708.43178,-418.4292515
75.44095571,392.3500186,591.6332388,94.28571429,97.14285714,367.1875,424.6362833,369.5256372,1.149138897,51.19552393,0.570904606,7.952423854,14.92798375,0.031856729,14.26866811,2.999999708,37.57876911,0.320867424,0.003189081,0.014435162,0.84166744,0.015700836,1.649844678,281221943.8,266.8389926,2032.362477,262104022.3,227.8879789,16327.57684,-35.87477909,0.073513474,-31.72638142,0.498567335,2344.179339,1027.387073,1.729398007,24.17571522,15.0390625,0.057274,216.22,5.5353,0.020014,746.23,20.337,343.22,72.846,16959.1636,-270.4714744
84.90504378,237.7303683,308.1097625,88.0952381,95.23809524,101.5625,220.500363,252.3873756,0.873658449,48.68659184,0.73447765,52.47623735,116.3630881,0.235443359,38.84025113,15.26168815,209.5635486,0.35248346,0.003251454,0.032895382,0.793859599,0.013562295,1.337593995,2201655543,753.0411704,6278.428316,391884477.3,318.0947736,869.1906845,288.9390088,0.033398935,-7.114672894,0.501953634,1548.651121,78.85699408,13.02699868,3.483943939,14.8984375,-0.0098089,25.506,7.3479,0.028377,242.58,1.776,230.78,46.22,6922.475666,172.9609086
98.19576357,303.8555483,436.2988777,80.85106383,93.61702128,46.875,311.859861,299.4654317,1.041388514,48.51277034,0.642638401,81.42472869,64.84435816,0.407171193,16.47236569,31.46728882,163.6419467,0.320889729,0.002084855,0.064638456,0.69021706,0.013098847,0.94864288,293593074,269.233495,3970.888928,42663970.56,82.41898834,4318.644009,47.25905167,0.034229228,-13.68434809,0.502474603,1598.494535,65.38514423,2.550051742,20.36350855,14.90625,-0.014164,130.5,1.6583,0.020493,1121.3,79.143,601.34,73.598,8655.839511,28.91550492
71.62544081,305.6248711,448.0453425,91.42857143,97.14285714,109.375,321.3229207,287.6377817,1.117109578,46.6531849,0.385316388,166.9649198,177.2665399,1.176057351,40.13137086,65.70909447,386.9961453,0.363779991,0.002043027,0.087198055,0.618170639,0.016156679,0.994516769,404839019.7,303.6213526,13244.35131,176620586.2,213.5326295,398.8643243,323.6517539,0.114808332,-21.16472326,0.500130242,2055.675006,479.4604589,100.6371959,32.07790738,14.984375,0.16455,140.27,6.5407,0.020122,1050,25.701,636.12,118.37,162188.8918,247.0519059
74.45628577,328.5019045,415.4610039,91.89189189,94.59459459,0,297.5398498,344.6394078,0.863336702,47.95977388,0.938000388,69.94016946,100.7162447,0.341631872,21.60819578,26.99200261,193.8823602,0.270313945,0.001372479,0.041127299,0.723858445,0.041660034,1.284674686,27357424.98,75.25824514,1460.906405,10328038.95,43.89219422,763.267531,126.6010844,0.066252482,-26.91457051,0.499869758,1311.217447,3308.11146,2.668692025,58.67809463,14.9921875,0.020831,50.435,1.7301,0.022912,510.79,23.673,282.78,52.875,3313.669025,54.39567082
81.97214928,242.9427166,295.2528151,82.92682927,90.24390244,226.5625,211.2792519,269.9040166,0.782794026,52.57915524,0.681420383,566.1297635,307.0924425,3.163829814,98.75780359,232.4501492,977.3189722,0.275277866,0.000214554,0.10295862,0.588514766,0.020213767,1.289054309,18016115.97,61.59032746,898.5624324,48900630.63,111.4126522,321.8439683,0.42991457,0.00780638,-13.90427219,0.504558479,7850.858957,1763.984549,17.74559626,54.94687516,14.84375,0.0048352,55.787,1.834,0.020086,913.95,5.3902,226.72,38.42,5830.963024,28.17821322
123.9402514,29.23584086,22.09708691,1.587301587,33.33333333,46.875,15.74614877,38.37076746,0.410368356,48.23675621,0.862670061,1.537486398,8.318088174,0.007769392,4.261201614,0.52744368,14.35061126,0.406292573,0.002446405,0.015489454,0.771030189,0.013676623,1.53043736,26953550.33,70.76115669,2012.536535,26276570.14,78.69023546,650.8731478,11160.68765,1.098173894,-31.93500185,0.084136494,5412148.193,3104091.848,44699.08245,2904.616956,7.0703125,-0.57271,25475,0.21644,0.028485,962000,29060,5782.4,1167,0.000496892,0.058833943
135.1482378,19.24306519,18.54712743,1.449275362,27.53623188,78.125,13.2015945,23.5706951,0.560085074,52.55962126,1.040370198,1650.43371,1051.815238,11.56980391,74.75279149,679.2573928,2791.533351,0.354042533,1.19E-05,0.085433887,0.572606867,0.072933543,0.762483103,151744148.7,190.3370181,3289.381554,64565035.76,124.8348768,1230.385353,2217.377359,-0.604335402,-9.713780811,0.109143006,209155.92,122932.8637,2661.92925,892.959436,1.4765625,0.065723,3839.8,0.28428,0.031705,52864,1004.1,4000.1,993.94,0.005706282,-0.055574065
151.4773247,106.7858427,149.9450304,9.459459459,17.56756757,70.3125,106.669393,96.58633727,1.104394224,55.57696407,0.425993745,74.24755528,57.09340236,0.362604384,21.46020769,32.41339784,154.0974806,0.273207793,0.003572157,0.037232037,0.769184879,0.014478776,1.466914107,1433397951,604.1115547,8332.115674,11133217.57,46.61340061,726.6555272,28326.32661,2.550078874,-6.423596379,0.044282365,17285977.51,11605341.9,223050.3894,15257.4995,11.8671875,-0.50663,6811.9,0.76698,0.032602,101000,8002.8,4130.8,648.07,0.001081248,-0.08045879
114.3425614,95.46471883,130.3004745,36.20689655,65.51724138,156.25,92.93579821,98.49428466,0.943565391,49.37099927,0.593058002,1516.542108,1131.098747,9.729026318,95.9761101,751.1460347,2757.293301,0.297008592,0.002203308,0.056082566,0.585102581,0.010792974,0.918396258,3441863739,943.793414,5574.125389,1250617577,518.4192745,56937.94406,3448.73135,-0.134038972,-15.66781179,0.047929148,230000.9198,185940.2155,3418.279541,38.0147947,1.1796875,0.56501,32102,0.16598,0.034539,1810000,8414,9784.1,1927,0.006961856,-0.117507795
148.148989,17.94256685,17.61035428,0,29.33333333,78.125,12.53717594,21.40016465,0.585844835,49.67109193,0.866491341,590.1260926,387.0209143,3.763694073,49.95294157,230.6430944,1032.689445,0.369226607,0.002536212,0.089415346,0.715971292,0.016945709,0.988135156,507165377.3,354.4917197,6411.607396,104590039.6,154.5592522,3349.299247,14455.75024,11.52388153,-8.954828663,0.001041938,17970979.16,2576184.463,274582.9231,288321.7487,11.4609375,0.21754,14701,0.16007,0.030393,116000,16365,5410.1,935.53,0.005515155,0.111763077
150.6174357,72.14636761,87.19226386,9.090909091,16.88311688,125,62.06352008,81.48874889,0.761620726,50.05933835,0.853520588,78.85648324,109.160545,0.308446324,28.37016393,23.67806117,217.7442652,0.406560025,0.001079999,0.098262577,0.686250413,0.011930635,1.337680285,1421187380,581.5311195,31930.7527,1664099.432,17.35021505,132.3637346,3581.694162,5.502672288,-8.389344217,0.015889555,4878997.034,443690.6466,55268.43214,66029.25372,10.625,-0.85899,24397,0.71461,0.036637,1100000,38966,5347.9,987.19,0.00052533,0.013772641
142.5083338,93.84852144,137.21928,15.27777778,27.77777778,70.3125,97.69885577,86.15962339,1.133928538,48.00430565,0.381096303,49.71434476,89.32421757,0.361911757,73.24824736,20.04318498,214.0452882,0.397942182,0.000519643,0.200229406,0.768731202,0.096311558,1.717194969,2941200450,861.6979765,23420.31364,73757436.96,122.0235782,4319.036977,18135.13902,3.693485885,-11.26228298,0.004167752,9125720.818,4591801.245,108186.8176,29454.13345,6.796875,-1.4879,243000,0.16124,0.033339,1530000,515000,27784,4721.3,0.042959965,-0.300650041
125.2101766,41.4736683,61.36194141,39.0625,70.3125,125,43.72509668,38.85357797,1.12538147,51.43802843,0.607970708,30.22799976,40.90923493,0.162796102,9.793248246,11.92867444,81.68203012,0.25124111,0.002753012,0.01000916,0.691537815,0.010834079,1.219588986,27969221.6,80.85986595,745.5276845,11880113.05,48.77363882,715.0978205,11764.15214,1.546309724,-10.28445047,0.012242772,3122482.437,1801006.813,38646.76796,5203.366235,4.375,-0.11311,26139,0.52804,0.031764,316000,20178,6904.9,1080.7,0.004978213,-0.13469061
136.6708686,180.4249787,285.6828798,45.58823529,47.05882353,31.25,203.4787863,150.8180549,1.349167289,51.7072938,0.633336461,790.6776866,587.2337457,3.757637629,104.4399619,332.2048127,1490.555139,0.411844488,0.002291534,0.125862426,0.675918397,0.03433077,1.107885875,140422320,179.0049276,4526.727238,9480611.305,45.09921934,435.0829116,14611.11257,2.025263237,-11.99864792,0.03412347,6088874.695,3066689.684,53605.62852,12315.59347,4.578125,-0.6474,6594.6,0.65682,0.03759,146000,2997.2,6139.3,1062.3,0.000895044,-0.006636324
132.3048746,23.10613573,14.34057313,0,11.76470588,70.3125,10.19783263,30.86043614,0.330450049,53.51387629,1.226069291,216.2581729,228.376591,1.742564407,22.87034794,88.1006404,470.7413999,0.314030579,0.003408446,0.049266543,0.661447717,0.031763676,1.003158629,128614159.1,178.2048384,1736.758472,125806568.3,179.8495538,416.373607,4365.916073,0.759547851,-10.33600245,0.019275853,593494.4991,329989.783,6980.063082,1201.912204,2.7109375,-0.65174,4556.1,0.18106,0.03239,149000,30679,3009.9,566.84,1.37E-05,0.004319513
136.1820937,13.14940782,18.1928856,0,26.08695652,46.875,12.95989493,13.47528382,0.961753022,50.18905069,0.445676892,5370.983042,7432.089108,39.88705565,2059.551852,2049.651188,14997.85465,0.410618564,0.000796333,0.168458145,0.511559187,0.039688632,1.194423816,12944750.47,50.15567515,855.6598464,3089689.67,25.02017395,178.6441022,13140.43195,2.099899418,-7.912774958,0.001302423,3921285.962,2226750.991,49202.3603,9817.81502,6.34375,-0.080058,19871,0.18616,0.035872,2160000,26648,7480.1,1337.7,0.002149609,-0.088585918
153.0147056,92.08103454,137.0443726,15.58441558,16.88311688,46.875,97.54887189,87.52370719,1.114542277,50.34057271,0.516132638,69.85514601,82.66081082,0.480229533,136.4724121,31.55489698,291.4225369,0.300845848,0.00294007,0.060642522,0.804049517,0.019849566,1.808645779,52114895.16,98.79451248,3812.224352,43503275.78,104.3676131,436.4930642,27822.75198,4.20278638,-17.04238018,0.027350873,16419786.91,10401233.4,229934.5943,38587.41343,10.40625,-0.27579,10475,0.31217,0.032382,1490000,3283.7,5002.5,864.4,0.007327844,0.122625289
118.0881143,163.1727894,244.5447587,13.79310345,29.31034483,62.5,174.4561009,153.9793459,1.132983777,49.65943113,0.82052004,90.15667778,95.61455152,0.599563079,55.53589115,34.1984141,243.5110384,0.400174766,0.002427423,0.073221551,0.79526874,0.045634401,1.531047949,88927720.1,147.3995405,1432.008832,90812925.29,137.0578115,4865.622683,11143.31676,1.533030937,-11.13059333,0.003907268,2751479.235,1641904.09,34840.01397,5171.231995,4.078125,-0.17741,10771,0.11617,0.036332,378000,4784,6265.6,1163.4,0.001708908,-0.086719871
94.50633894,140.0031491,189.7777964,18.75,45.83333333,109.375,135.2806848,111.5490773,1.212745888,57.44430812,0.49744367,959.1727174,673.0361541,4.675454392,169.0482007,359.2434329,1810.305321,0.302404494,0.002297113,0.068512463,0.684659342,0.04347389,1.214562204,4556036281,1074.869637,31131.15284,10138397.79,44.56608256,654.2424183,-2918.324546,1.708344754,-44.01028949,0.047147695,578520.2983,13929.35195,5441.880833,6533.503445,13.2734375,-0.21842,1423.5,0.92537,0.026953,60373,1133.4,2220.5,402.37,0.003137251,-0.086582472
153.0208204,146.1783283,218.9463258,16.88311688,16.88311688,54.6875,155.843272,137.5488,1.133003502,51.39025729,0.477606522,83.0847694,87.10185024,0.511971507,55.76630654,31.26264782,227.5261835,0.414593786,0.001364472,0.132697542,0.649569516,0.045740499,1.47131665,726787927.5,426.5656181,7311.366948,29243917.41,75.30977838,1944.547165,5847.508573,1.248561019,-2.425637667,0.047929148,1020636.834,457451.4196,11471.37858,3393.685358,12.921875,-0.59229,2254.2,0.27055,0.027308,135000,1404.8,2463.9,472.45,0.036643446,-0.314349766
141.3004488,27.64646766,19.90709799,2.816901408,21.12676056,78.125,14.17005646,36.51899669,0.388018778,52.34951924,1.378360191,10.14362906,29.05097931,0.110052109,22.71631362,4.383513674,62.45187601,0.24597273,0.000943936,0.011536299,0.774969617,0.012140635,1.659559398,1998505234,690.0931503,44227.03262,178818469.4,187.8521027,11281.83523,-5670.622896,3.165067322,-30.08151164,0.054701745,3311678.233,339001.3845,26872.22547,21016.69182,8.6640625,-0.16765,137000,1.9498,0.043805,4300000,70003,23819,4927.7,0.014461477,-0.190334118
137.0809313,59.971983,33.90094838,11.42857143,31.42857143,70.3125,24.11051505,80.68743518,0.29881375,54.01788243,1.475742659,460.4563327,423.4835355,2.432374266,32.23372228,164.9860226,920.7462692,0.452774327,0.001668756,0.156547813,0.655141576,0.072617275,0.885772714,2491625802,802.6264466,4652.884772,198371688.3,226.1106336,533.4140949,-1471.449826,0.42172533,-10.64604658,0.124511592,106249.9777,7426.429485,490.208936,410.2835696,10.75,-1.2885,174000,0.69767,0.03564,20600000,2450.3,20756,4471.4,0.006470244,0.094722372
119.537246,85.95268316,135.924965,47.54098361,62.29508197,179.6875,96.90934134,72.52915486,1.336143259,51.4968047,0.579648804,55.5372827,85.48865374,0.268843829,36.53862125,22.56965227,179.3281774,0.344283179,0.002197866,0.042396777,0.743207554,0.014695143,1.511671914,927487975.6,487.2106151,4160.22696,5462587.274,31.99274141,399.1172032,8419.373249,0.909424695,-8.762104959,0.102109924,1425590.398,860737.1738,17622.09608,1812.047013,8.25,-0.66896,328000,0.44785,0.029842,4100000,608000,15104,3173.9,0.002588618,-0.08829624
131.1533539,47.31155895,29.21191912,8.955223881,40.29850746,93.75,20.81384703,64.09314315,0.32474374,50.3964195,1.543559493,126.6713299,82.26625574,0.958774005,19.79520877,56.18791377,230.4158866,0.350074552,0.001988428,0.055625002,0.713021232,0.017171103,1.154932742,1608395422,624.8988372,28361.80368,480244969.7,346.6907412,4870.592523,4783.919942,-0.835894511,-41.00895735,0.118520448,1980031.818,324710.1779,11366.81748,1568.926322,7.625,-0.17836,42641,2.5578,0.03548,661000,78330,23206,4015.8,0.003773717,-0.102632489
127.1669224,82.32597753,126.3806825,48.4375,56.25,148.4375,90.07063024,73.18525173,1.230721055,48.44596039,0.552939692,168.4096185,184.3589301,0.632617782,22.82033013,58.92834461,377.3299554,0.302538793,0.002180658,0.038589663,0.690764221,0.013343796,1.102672349,214401928.1,160.2055826,30175.86506,3822236.639,25.41658715,349.4622282,309.9068555,1.73071913,-4.4205851,0.058088044,341386.7231,11020.05096,5488.7329,6695.629204,8.8515625,-0.14267,28493,0.23792,0.037954,3260000,119000,9744,1862.1,0.001966465,-0.065344029
151.5174354,56.22174624,78.93799843,6.493506494,29.87012987,39.0625,56.18843145,56.99415626,0.985863028,49.97679823,0.52997961,94.81484964,124.3336631,0.448809954,59.48084102,33.17695767,280.8033861,0.303817501,0.001664342,0.042911629,0.709024795,0.008836709,1.503516615,15508334.54,54.46987684,1071.940454,125365337.7,180.4942222,69.07712765,-3759.035935,1.148309029,-50.10867541,0.108622037,806599.3081,106632.8634,3454.764476,2755.094302,7.4765625,-1.0753,10844,1.2238,0.04129,217000,24048,7945.5,1192.3,0.089998584,0.544194663
135.4574457,145.5800825,202.1472053,39.70588235,60.29411765,156.25,144.0172908,147.9674087,0.973304136,49.86886256,0.639965134,2462.017989,2511.148734,9.331875374,1890.482513,813.5575388,6892.88083,0.170232148,0.00138519,0.019084845,0.531323181,0.011235301,1.563252755,45234782.22,103.7963867,1006.463416,35832470.9,90.42400899,1155.172054,5187.21986,1.668144265,-5.839926045,0.012763741,879142.0285,364870.7911,11707.98135,6190.678425,6.296875,-0.04355,947.49,0.43287,0.032656,86119,1651.6,1966.9,370.88,0.000360842,-0.028234509
141.5297881,188.1301372,241.7704142,14.08450704,19.71830986,78.125,172.1917922,204.9289107,0.840251342,51.699944,0.801691878,4.67425788,15.367483,0.023215307,39.80013078,1.742899889,60.5784915,0.356661478,0.001894768,0.055396708,0.848827941,0.026222143,1.894042239,1826462163,635.2005707,72180.22028,1221565.161,14.71222516,101.6928408,-1846.809942,-0.572055468,-29.60300381,0.501953634,93897.28422,87401.42526,632.0493383,979.456624,14.9375,-0.4328,8656.7,2.0161,0.040534,762000,4901,10350,2100.5,3.56E-05,-0.003479494
97.99767343,253.9597342,365.0940137,85.41666667,93.75,125,260.946887,248.3390095,1.050768816,48.77645116,0.482901939,3100.257002,2434.642233,23.4504542,80.5900836,1304.733082,5660.087137,0.307897266,0.001263155,0.031838765,0.525800179,0.010366761,0.473855457,316976243.8,262.0470093,13880.87655,4728982.145,30.22328705,318.1415361,91.92905377,0.025437893,-53.19718162,0.498567335,6062.432071,96.11055289,37.18675202,42.7169615,15.0390625,-0.00061865,526.67,0.3583,0.019992,150.31,6.984,383.09,53.664,3815.897039,-10.63220382
80.27581595,355.2624898,456.3009903,82.05128205,89.74358974,210.9375,326.9428077,388.9131468,0.840657639,49.17363118,0.830233588,1965.200654,2281.73396,9.142254987,349.1276588,599.582162,4622.466704,0.352591244,0.002479247,0.080426124,0.613145565,0.043762361,1.067739755,585865734.1,368.1823763,17015.37042,33134502.02,88.94924971,716.9942619,-147.1302132,0.04663478,-18.86941103,0.498306851,833.1767855,3335.979585,3.063656157,37.00361576,15.0234375,0.01243,76.26,0.69347,0.02028,122.16,8.3788,215.78,25.267,0.289481778,-0.719558598
69.73158645,406.660535,540.707497,93.93939394,93.93939394,218.75,388.4521595,413.4455128,0.939548616,50.183059,0.800927401,195.1908611,141.6161634,1.017527848,42.34946417,74.2031792,381.2706299,0.35985199,0.000418301,0.182866602,0.687710674,0.117805946,0.955672105,13114177745,1823.693644,89315.2078,53339653.76,104.3744444,2997.290741,-0.497264706,0.041083214,-32.48281118,0.506121386,4158.553582,1012.921421,55.88783796,36.25444379,14.796875,-0.012788,292.84,12.605,0.020036,5348.9,32.537,649.34,121.57,488459.3487,-518.6371517
75.50141898,334.7423149,425.9519693,88.57142857,88.57142857,0,305.6329137,363.4422621,0.840939389,52.21980516,0.780934708,80.96360593,50.16336875,0.683062657,21.60958558,34.84277692,153.9800763,0.277901873,0.000190948,0.160979701,0.632572113,0.046943888,1.208376646,16220540.96,52.84139215,1432.259467,371657751.1,286.925027,14463.66817,978.1972078,0.121491375,-9.752828838,0.497525397,23208.45989,13662.52888,393.9673245,26.87213745,15.015625,0.14427,185.31,10.091,0.022432,12400,168.44,637.44,171.75,99183.48164,118.5777586
93.29720671,254.1301329,366.7361107,84.7826087,91.30434783,31.25,262.2509823,242.3797292,1.081983973,50.76029258,0.748108617,73.34088749,142.4047493,0.356402342,35.20209528,24.89835041,253.4882362,0.394874204,0.00181206,0.098323821,0.746375267,0.051742758,1.230982334,23789577.03,62.8762385,2242.364933,132999239.5,180.5330079,2043.583855,-100.6911632,0.007228432,-19.78544909,0.503516541,884.4067949,322.8195126,2.08697539,14.81561002,14.890625,0.00018722,85.318,3.2231,0.020162,157.64,9.2649,189.19,27.974,15162.51319,-233.0589847
95.38568791,224.8070947,288.7091966,84.7826087,91.30434783,46.875,206.4537198,238.5121076,0.865590103,49.21403369,0.6100999,68.525052,70.94107716,0.441592107,9.665710939,25.98709163,150.1188205,0.40639905,0.001899072,0.120392073,0.748154067,0.062506926,1.050598654,739606385.6,436.9233789,1704.234381,21412395.03,73.24530737,211.3245208,52.21426713,-0.001514063,-10.3062342,0.501693149,931.9223606,816.0982281,18.94584727,6.307976127,14.9375,0.020179,29.375,0.54542,0.020913,269.24,4.8168,203.56,35.314,6252.816334,-123.6150215
80.30740156,261.8662344,328.3219667,92.30769231,97.43589744,62.5,235.1897475,283.4867212,0.829632325,51.72973952,0.754763878,114.8273928,150.223449,0.724357395,34.70051998,43.98915701,302.4974262,0.348481247,0.00042122,0.143283324,0.641146637,0.04988203,1.101091158,67092530.97,123.9562895,2107.400365,30369275.81,84.04342381,845.588694,-27.48247689,-0.035328145,-9.156233082,0.505860901,53.12631292,1227.010381,15.5239803,41.16420341,14.78125,-0.077079,30.746,8.0427,0.025985,218.17,41.767,520.72,120.8,24209.90491,-116.0190727
78.1387794,277.359453,380.7309901,87.17948718,92.30769231,242.1875,272.8280618,288.752519,0.944850846,51.21487856,0.765002823,90.24375816,141.8101748,0.326385901,27.9913328,29.36678088,262.2662924,0.399699231,0.001580966,0.057525766,0.7597544,0.009564257,1.270063221,13218750.39,46.4150106,1288.365218,5197488.323,29.97964991,454.8516264,-6.18531572,-0.035320005,-23.23951868,0.499869758,1805.907207,3251.567818,18.36045502,54.87880357,15,-0.015938,48.133,3.3603,0.023316,322.57,8.3344,292.25,40.966,3042.316721,82.26111335
85.71135381,278.4037686,395.8421607,88.0952381,95.23809524,187.5,283.3755192,275.2383466,1.029564095,49.69984246,0.601149331,428.7009213,340.0041748,2.840137347,147.1838924,180.4670514,922.4381569,0.34852123,0.000727346,0.133494728,0.652671415,0.075373541,1.440624828,15998727.54,52.78881873,1380.035299,81854674.43,144.5051122,434.7072117,69.86025503,0.034717636,-15.82256616,0.498306851,840.0870942,1195.388633,29.16281852,34.15353731,15.0390625,0.011323,73.402,1.043,0.020068,28.973,6.1795,218.81,33.205,3888.625871,-82.37369297
120.0193145,25.8353981,24.54003956,3.278688525,45.90163934,62.5,17.49270579,31.92128037,0.547995118,48.3521355,0.936394565,1.777352476,6.852917691,0.00880726,4.270614118,0.567045114,13.09999933,0.368420837,0.002016818,0.028987997,0.812088224,0.0156643,1.550093297,784496409.1,442.3682744,8608.49147,83942058.17,144.9205656,858.1641397,19802.75464,2.852580073,-8.411612017,0.022662152,9217266.505,4681886.796,108278.5636,17790.91038,8.6328125,-0.31103,32671,0.11643,0.027498,350000,73491,6259.2,1061.3,0.000252349,0.004992372
138.7615352,20.14000382,15.23652114,0,11.26760563,46.875,10.85156516,26.54889648,0.40873884,50.2185507,1.206440374,1967.607519,1506.598381,16.21301313,75.41239277,758.6314886,3568.451549,0.378242276,0.000543516,0.035307323,0.575948071,0.01021243,0.706082897,8789124430,1512.561382,992.8124694,114534536.5,168.9707246,1275.928737,263.4597624,0.014738045,-10.36621348,0.072675176,8106.76797,2549.184914,77.71259138,1.888485829,2.1640625,-0.013195,17478,0.61184,0.030769,1410000,28684,5344.5,786.78,0.001475242,-0.068671987
144.8959017,204.8565522,307.8529088,22.22222222,25,54.6875,219.2341315,192.0073639,1.141800642,50.10865189,0.698530248,111.8414678,88.30069732,0.705061275,18.86599098,46.12015854,220.4486406,0.283295897,0.001238993,0.069225918,0.664160364,0.056364396,1.221687498,1953842291,691.493986,30657.14752,90847558.89,151.906425,582.808265,-310.63375,1.562516889,-2.269806429,0.015368586,321943.5094,15595.89235,4435.309598,5449.846453,9.171875,-0.3342,11375,0.37888,0.032098,983000,27999,4219.5,835.68,0.004000849,-0.104340801
109.5271685,189.064712,257.2111744,58.18181818,80,46.875,183.551928,196.0449611,0.936274654,52.26441224,0.783792474,444.3506575,345.7473585,3.339395345,66.73942018,174.0127016,861.5002728,0.296715247,0.001263646,0.033293559,0.574377335,0.009544845,1.178870382,40761709.37,92.10243568,2132.725221,4634322820,1077.689464,45452.15708,14705.77638,1.223532606,-17.98688643,0.029174264,3355527.349,2530405.554,50271.08392,3059.176832,2.6328125,-0.82621,21418,0.41497,0.034005,3330000,73108,8049.4,1595.6,0.000225031,-0.00625984
134.5001764,77.11088246,109.8849967,11.76470588,27.94117647,101.5625,78.28684192,77.07813024,1.015681642,50.44077933,0.579034378,298.4948876,197.7284781,2.510919357,62.14769573,119.2623005,562.1003417,0.307534649,0.002997193,0.01434031,0.65462434,0.014244707,1.332910652,1460123823,487.7526799,142374.9789,82898113.46,124.7691379,6022.280898,-26441.25421,-17.30668752,-289.8104239,0.132586611,169688037.3,28964920.35,593933.5193,586251.7486,10.4296875,-0.25313,12299,1.2456,0.031646,1190000,6030,6904.1,1308,0.002522067,0.062205056
147.6450228,29.16825751,22.62030194,3.947368421,13.15789474,23.4375,16.09033983,37.85463645,0.425055986,46.78946973,1.532890549,30.3216148,54.94339767,0.18768512,63.71206456,12.67228622,150.0017391,0.333180732,0.002209914,0.04678499,0.684930059,0.01466482,1.768968257,157349278.3,183.9266646,7149.218397,77500743.07,133.2668273,2423.068917,7870.079597,4.007843344,-19.88663565,0.09898411,3042026.415,105289.3679,29744.47055,34821.6473,10.6796875,-0.070616,22010,0.32374,0.030356,1210000,29910,6384,1153.2,0.002273064,-0.068343122
151.5630062,93.86896324,136.9798963,3.896103896,9.090909091,85.9375,97.50165944,91.23980901,1.068630683,47.20299139,0.647375674,19.424162,47.16445141,0.108112289,75.78640531,6.837969857,143.6139843,0.326040142,0.00224756,0.032593409,0.756595058,0.023617403,1.899930858,996681460.6,501.5435069,8008.660018,510034357.6,364.0651883,278.0583789,10023.46698,0.824405265,-20.20344517,0.029695233,2015816.101,1200013.586,21878.85602,1295.133063,2.2109375,-3.1546,112000,0.77055,0.0336,350000,29806,21696,4087.6,0.018008767,-0.332075606
129.3315257,117.9236506,178.0801282,44.61538462,75.38461538,171.875,126.9152015,109.7418414,1.156488719,51.03195684,0.370709742,51.25534724,49.91656216,0.292841646,12.56886635,19.16745513,114.6016011,0.274262866,0.001267985,0.049602541,0.630844861,0.028266725,1.114157502,129410498.1,178.4169962,1868.512625,74906181.64,136.132504,975.0133999,25763.35296,3.399666474,-38.12371389,0.03125814,15592952.78,8101399.765,175320.6305,25496.14203,7.578125,1.4759,62328,5.4457,0.031823,18000000,86332,32094,6534.7,7.96E-05,-0.005785516
147.9182366,129.3369761,197.5381537,16.21621622,18.91891892,85.9375,140.6466027,118.7689456,1.184203513,49.30612176,0.302906056,417.0841943,346.7006712,2.146630437,87.78388457,152.6015855,855.9334402,0.357820867,0.000930738,0.198829036,0.581528414,0.102743243,0.784633108,266341625.6,220.4427738,20770.19072,46735559.9,96.17080212,2922.656653,14894.01893,3.524782868,-84.68612942,0.043240427,12152282.76,4479390.548,115788.2443,26319.37999,9.09375,0.64163,10873,1.7718,0.040853,662000,4472.4,11164,1609,0.002887881,0.122771864
132.0176277,23.18579171,13.97868367,0,8.823529412,54.6875,9.92431349,30.71321625,0.323128435,55.21538056,1.239561326,156.716695,179.7414348,0.645381748,44.07979092,55.95137887,382.3374868,0.269164126,0.002141266,0.037593487,0.601325381,0.022535022,1.428785506,461150842.6,338.9686933,5192.94253,16164608.05,49.49260561,1760.473792,8869.369619,-0.897670211,-32.1899379,0.114873665,1995647.658,639336.3983,14158.98825,1706.200403,5.140625,-0.17534,3338.7,0.3054,0.031177,285000,2933.6,2095.7,413.44,0.001867624,-0.087751108
139.6429301,17.74773035,17.026949,0,22.53521127,70.3125,12.12445788,21.99951047,0.551123985,51.18695894,1.014202091,5569.453182,6978.33287,27.87579772,2714.854928,2252.579158,15387.46887,0.324525847,0.000269475,0.154664133,0.548548929,0.038652465,1.421070683,31786184.53,73.78045186,2834.835382,20117255.72,70.2982425,297.1031488,9888.80568,1.313497323,-9.162341117,0.020057307,2318710.665,1317193.143,27448.95759,3812.738595,4.9453125,0.1457,15427,0.31998,0.034951,103000,8231.3,5831.5,1212.6,0.003708742,-0.104523338
142.4525378,181.6494164,222.8593364,15.27777778,22.22222222,54.6875,158.7068887,204.1790115,0.777292864,51.01450522,0.670493353,54.967796,67.87942422,0.407207279,98.85303814,23.22444595,223.8389987,0.243127322,0.002416711,0.006257412,0.811441293,0.013320934,1.72687654,62686320.13,101.9496674,5932.372733,41064781.31,97.62249291,1164.105498,5412.130744,-1.506525202,-52.57978689,0.101328471,975304.1279,1201329.053,25965.769,4509.441405,7.9609375,-0.76402,18195,2.0221,0.03264,1140000,35752,9517.2,1706.7,0.000865671,-0.031710159
119.9141678,191.4919854,285.0723444,33.33333333,46.66666667,132.8125,203.3031841,182.1529625,1.116112422,48.70033595,0.723433181,51.59919967,80.80611238,0.305021427,162.3776162,19.03936474,297.3869355,0.341568329,0.003228749,0.019029639,0.826539724,0.020403318,1.90427716,45243837.99,82.46529155,4983.022827,104565724.7,157.9959646,2268.523426,8038.348566,0.798824228,-15.99592475,0.030476687,1688156.651,952470.9823,20099.70935,1396.084729,3.1171875,-0.98511,7844.4,0.16477,0.037905,9512.2,17209,5665.9,1076.2,0.000748598,-0.027967648
95.46550175,86.53135745,123.201458,6.25,31.25,93.75,88.05502839,86.69754302,1.015657714,51.29423917,0.633901223,374.0752549,389.7847542,1.796127231,149.06801,135.7993318,918.1355899,0.308004022,0.000592335,0.101470539,0.677783303,0.054033587,1.434143303,1248425013,554.2971041,17870.05464,1727792.831,17.52390154,142.896137,-8104.851946,-2.041214589,-29.07551498,0.168272988,6399726.938,249664.4598,10728.47666,9273.27402,8.8125,0.31809,1861.8,1.8502,0.027216,1190000,1111.2,3127.2,584.19,0.006541547,-0.109578209
159.1741631,89.83101133,131.7968692,7.407407407,8.641975309,46.875,93.78238553,86.84698562,1.079857693,50.33529054,0.457850318,63.22845519,56.02768559,0.385331521,49.46065466,24.65780559,169.8205536,0.400308586,0.001110962,0.100303616,0.641715555,0.010839177,1.548487054,149622858.8,186.8585659,4049.216989,13513628.43,45.86570276,1415.8801,2536.431275,1.139601577,-4.682561611,0.07580099,240222.539,90460.60409,3971.070849,2834.844354,12.234375,-0.071267,2034.6,1.1517,0.027065,16085,1354,3700.1,543.71,0.005047067,0.15578781
132.0127021,128.3623671,132.2018325,5.970149254,14.92537313,117.1875,94.19409222,156.5508513,0.601683679,48.16567919,0.870210849,78.54407847,56.15284033,0.311822919,19.36315334,28.47288989,155.2177193,0.2886626,0.001149205,0.045049343,0.698876814,0.015332528,1.405404895,4100051898,1032.556368,1549.597863,55913112.56,112.1833818,1976.109847,5429.66301,0.426370882,-56.86724268,0.150299557,17654713.17,733204.9103,18970.19735,498.4020749,8.5703125,0.43068,157000,0.45692,0.037925,10000000,3267.8,19513,3439.8,0.000632953,-0.017400199
123.9311264,195.073734,288.1854217,12.90322581,33.87096774,70.3125,205.4644321,187.1810117,1.097677752,48.46832498,0.786724276,176.1255334,155.3703719,1.304402656,18.68734496,70.87906074,352.3928097,0.322212098,0.00282827,0.006421463,0.730807445,0.016677561,1.198291049,16100759.91,50.46482375,1646.636604,3348039012,916.6368805,31670.2362,-6677.652565,-1.376880396,-39.28509045,0.103151862,1332813.234,1893231.952,26320.21435,4379.122534,10.328125,-0.68993,56606,0.092117,0.034694,2830000,325000,11994,2361.5,0.010247627,-0.141004269
121.8356763,57.55145443,89.44891636,24.19354839,50,179.6875,63.77065614,50.1585318,1.271382033,50.56564824,0.38646918,27.55535499,62.45267051,0.105714178,58.99113588,9.875557904,150.2614865,0.365920835,0.00199753,0.050532756,0.781166456,0.040438761,1.722835887,28015266.26,68.52277823,2600.94845,17721832.42,63.60344401,569.8108246,1556.260068,0.271442556,-5.227395915,0.109924459,59348.21845,26845.40508,495.2859414,164.0113147,5.578125,0.44137,215000,0.45019,0.031064,27900000,72739,13575,2959.1,0.008829255,0.119200109
115.5760122,37.42429365,30.02677214,6.896551724,37.93103448,179.6875,21.30248822,43.85986519,0.485694339,58.29810795,1.074584554,61.38469815,49.57980588,0.546549611,17.19278069,26.11365453,129.1136768,0.370850704,0.002436432,0.077435133,0.715250069,0.042197224,1.379685957,166757026.3,179.4608953,11223.01865,325958312.6,288.3433963,1743.517117,26688.41454,2.708744815,-43.81976674,0.073977598,8372606.257,11373529.74,209576.5778,16197.87486,9.6328125,1.1131,33505,2.4103,0.038202,14100000,42996,20171,3370,0.000228802,0.033275987
129.2613056,71.08734179,101.0046088,24.61538462,29.23076923,171.875,71.98138739,70.16934686,1.025823819,49.37389166,0.678045153,135.1643026,168.6911893,0.582238265,35.29185076,51.65874034,340.8598553,0.324400812,0.000945328,0.137430066,0.644632209,0.101854107,1.320597116,444499345.7,327.6164682,8424.68163,29366261.39,78.9057825,1421.71163,2207.702132,0.674992127,-13.81890282,0.120864809,28454.67967,225645.8896,4540.257601,889.3861779,9.1640625,-0.43031,44354,1.0557,0.035345,2110000,9780.3,14916,2971.9,0.01157081,-0.164614706
146.0426286,160.7453385,240.1346691,17.80821918,39.7260274,93.75,170.9915971,151.8171749,1.126299427,50.32913572,0.427079028,32.80972707,51.95497264,0.196811488,48.00656653,12.0538649,134.2213196,0.227305125,0.002642632,0.007573759,0.801207722,0.012853282,1.745217153,720050847,423.2223381,8398.280979,78559013.87,141.1088132,546.5217018,-4388.039358,-0.906516152,-123.4878887,0.099505079,26529840.41,911225.9098,25665.64119,2448.645924,10.203125,-0.90425,14131,0.55569,0.042165,6788.8,3912.3,7087.3,1165.2,0.005693456,-0.145442085
129.5213707,114.2856061,166.0104991,59.09090909,74.24242424,179.6875,118.2997442,110.5832777,1.069779686,50.39848267,0.542882569,2330.222637,2469.964067,11.13310871,1633.361236,820.1096206,6461.024629,0.153255589,0.003593661,0.007996662,0.575075453,0.019647237,1.646676512,9890070.193,41.68341094,838.2506601,19290772.21,53.63142582,2147.868101,8968.184562,1.582659892,-6.093604255,0.004688721,1913116.579,1058794.067,24300.86255,5474.123529,6.03125,-0.3086,11896,0.9293,0.032027,867000,4200.7,2423.7,403.05,0.000448673,-0.036079523
154.8807618,119.5942941,158.204221,8.974358974,14.1025641,70.3125,112.6007892,127.5889198,0.88252796,49.38543252,1.026992883,2.64723507,7.827573672,0.025391632,12.71424747,1.083736604,23.50670688,0.348754887,0.002619552,0.067028825,0.832419047,0.024617153,1.840010478,1327931638,370.1315836,208872.5353,103159542.4,152.5138051,3604.942212,-39.11117448,0.029540516,-8.781250274,0.493357645,357.6361279,202.0530931,1.393939847,0.581364279,15.1640625,-1.5816,6585.8,1.6043,0.037404,466000,4010.6,6092.8,1256.1,0.000132071,0.025983174
92.55235248,240.5671077,331.6074543,84.44444444,93.33333333,132.8125,237.1192118,245.0762085,0.967532562,51.11334319,0.726979638,2681.844453,2510.02407,14.14861935,90.59553639,1025.813231,5303.919218,0.302422542,0.001756287,0.059347495,0.52332086,0.009457764,0.59686663,58801909.17,93.85841604,6505.289005,2081109.978,19.84620115,148.1225969,140.0469824,0.016581436,-39.0051935,0.497785882,1996.776008,255.8553383,120.0854597,130.8955544,15.0625,0.0344,299.76,1.0843,0.020036,1437.7,205.22,361.56,42.66,17308.44066,185.7379884
90.33941429,282.7208619,408.8282245,84.09090909,90.90909091,234.375,292.3566794,272.3459621,1.073475359,52.27224503,0.552662227,391.2855579,452.3456225,2.71591535,516.0433002,146.2974141,1368.480315,0.285053835,0.000541317,0.096685185,0.618318036,0.035527884,1.629788801,1595929438,642.212412,3170.667981,954266290.5,489.8134748,8591.843828,-211.9515452,0.0013187,-25.70495316,0.499088304,707.3175313,979.1478181,5.117473968,24.09888415,15,0.0085716,136.94,0.9806,0.020027,43.755,6.641,135.75,21.191,0.220987105,-0.130603368
85.39447045,307.7051827,422.7750995,82.92682927,85.36585366,78.125,302.6039043,313.685706,0.964672277,46.85931856,0.724743002,73.75527382,62.31278504,0.419370015,8.162171065,30.2493996,144.989294,0.257073459,0.001611446,0.023388907,0.730459586,0.012584456,1.061736154,197122421.7,220.0823733,2898.46775,9076084.821,40.49187363,724.160509,-226.2938934,-0.038519074,-40.51416071,0.500911696,1193.390986,360.3703327,13.70166407,13.39133109,14.96875,-0.07217,360.11,14.738,0.020011,291.2,1.2439,494.47,129.63,20683.98913,-191.713575
86.56805756,262.8436109,382.7867362,80.95238095,90.47619048,226.5625,273.7852855,232.8980194,1.175558668,52.03372281,0.500460188,8.119151627,14.9115706,0.055748278,16.59623301,3.257533175,40.15314169,0.335683995,0.001877299,0.057546285,0.814768369,0.03488262,1.683974021,350878500.8,287.1668115,8912.152812,23272236.19,62.75358685,2123.01838,831.0669458,0.157552131,-28.372495,0.50117218,16534.48444,8650.133449,197.7176091,45.24730426,14.953125,0.10184,247.3,10.799,0.020014,5368.6,55.033,480.09,117.16,247646.9121,804.1118226
80.75962341,334.2759419,468.1412327,89.47368421,94.73684211,85.9375,335.5918527,336.0916318,0.998512968,49.63402446,0.616828334,15.3924231,64.25926944,0.071621423,56.27585132,4.742899662,137.2231616,0.32714441,0.002609743,0.032647527,0.69592859,0.014141048,1.67512964,1475876041,614.0788621,7251.758762,27056735.6,73.95006329,1577.823926,-23.71843762,0.006039973,-18.11402339,0.505079448,45.80048974,19.190702,8.123430089,0.625666682,14.8359375,-0.00084657,82.141,16.166,0.020606,103.19,0.95573,224,39.087,14843.88271,31.70142719
94.24969771,244.9758283,378.2120646,82.60869565,91.30434783,54.6875,270.4334927,221.2214293,1.222456132,50.23359812,0.534816737,76.3193924,62.82906352,0.492517075,17.88930028,33.43176003,158.0334891,0.36707192,0.001940506,0.10783817,0.684713554,0.022502234,1.114979982,659306062.6,412.6836043,1386.891036,335946756.5,282.733112,7550.088042,16.60805037,0.037998106,-11.20601935,0.50403751,651.5500666,71.22832724,14.46061834,9.619425416,14.859375,0.091479,99.436,1.9855,0.021376,10892,33.663,554.66,91.579,12252.88309,-210.1237708
68.86292997,481.4671014,683.7199939,96.96969697,96.96969697,187.5,491.1267892,479.9352245,1.023318907,51.96353236,0.614035569,172.5167644,167.5656255,1.429603808,163.6688359,78.06793656,508.6591306,0.222516009,0.000938178,0.09425736,0.53209264,0.033431753,0.827118477,252474426.5,169.4068904,37059.50496,59675456.36,67.4173442,10998.24926,77.74415973,0.014074277,-17.45017362,0.506121386,1000.048114,615.0513752,81.3053055,2.975344823,14.796875,0.01628,147.11,8.4478,0.025283,2166.6,43.231,1162.5,242.28,41545.25015,-111.045856
70.05295541,405.3910513,551.0536044,88.23529412,97.05882353,93.75,395.4313205,418.6095687,0.944630391,46.9240802,0.903306236,78.15630046,90.10132701,0.307188306,23.61036298,28.16572838,193.0130254,0.316961156,0.001210458,0.11588192,0.674650529,0.070245266,1.320091899,12401843.57,47.50178118,973.4810586,19279949.6,64.34279781,881.0540206,320.3944764,-0.009320444,-23.43847215,0.497004428,10316.71442,1813.256342,14.1126684,150.3972716,15.0703125,0.0063412,65.85,1.292,0.022708,2630.4,7.9923,303.37,39.849,3969.260692,94.28836512
83.55528483,279.1172467,370.472764,90,95,0,265.3230879,296.4020007,0.895146076,48.3477126,0.61796578,591.9941402,320.8262017,3.146919614,75.01315565,235.1993307,993.0597498,0.20646215,0.002849044,0.027266526,0.633680133,0.012363401,1.275317753,87347384.36,143.5391635,2143.781498,71127194.24,116.415475,4971.43866,21.49984634,0.015824404,-23.3755949,0.497525397,0.239043215,1.34502601,1.146723749,2.60904525,15.0625,0.032715,115.92,3.5699,0.020019,234.03,2.8124,280.69,55.493,4350.343922,99.12202279
